{"dataURL":"file:\/\/\/Users\/julien\/Downloads\/Fruit-Images-Dataset-master\/dataset\/","id":"EEFF4E2D-D715-45E1-87EC-1DC4124950BF","createdDate":"2024-03-17T22:38:43Z","title":"dataset","modifiedDate":"2024-03-19T21:46:04Z","preferredFilename":"dataset","version":"1.0","dataResult":{"itemsCount":85940,"createdDate":"2024-03-17T22:38:43Z","dataURL":"file:\/\/\/Users\/julien\/Downloads\/Fruit-Images-Dataset-master\/dataset\/","dataSourceID":"EEFF4E2D-D715-45E1-87EC-1DC4124950BF","classesCount":143,"analysis":{"summary":{"canUseValidation":1,"classCount":143,"sampleCount":85940},"issues":[{"description":"143 classes found, including Tomato, New Mexico Green Chile, Chile Pepper","severity":"debug"},{"description":"85940 images found, automatically creating validation set","severity":"good"},{"description":"Smallest class is \"Ginger Root\" with 297 images","severity":"debug"},{"description":"Largest class is \"Tomato\" with 5086 images","severity":"debug"}],"classifierAnalysis":{"labelStats":{"Apple Golden 3":481,"Bottle_Gourd":1000,"Grapefruit White":492,"Beetroot":450,"Kohlrabi":471,"Grape White 4":471,"Pepper Orange":702,"Mangostan":300,"Radish":1000,"Apple Red 1":492,"Potato Red Washed":453,"Pepper Green":444,"Passion Fruit":490,"Kaki":490,"Grape Pink":492,"Potato":1000,"Raspberry":490,"Potato Sweet":450,"Onion Red Peeled":445,"Apple Pink Lady":456,"Grape Blue":984,"Tomato Heart":684,"Pineapple":490,"Apricot":492,"Nectarine":492,"Pumpkin":1000,"Cocos":490,"Chestnut":450,"Bitter_Gourd":1000,"Broccoli":1000,"Banana Red":490,"Avocado ripe":491,"Apple Red 2":492,"Blueberry":462,"Brinjal":1000,"Cucumber Ripe":392,"Cabbage":1000,"Watermelon":475,"Carambula":490,"Pomegranate":492,"Banana Lady Finger":450,"Pear 2":696,"Nectarine Flat":480,"Pear Red":666,"Physalis":492,"Strawberry Wedge":738,"Apple Red Yellow 2":672,"Potato Red":450,"Tomato":5086,"Kumquats":490,"Cantaloupe 1":492,"Mango Red":426,"Chile Pepper":1286,"Hazelnut":464,"Potato White":450,"Corn Husk":462,"Capsicum":1000,"Salak":490,"Corn":450,"Quince":490,"Pear Williams":490,"Plum":447,"Carrot":1000,"Nut Pecan":534,"Nut Forest":654,"Pepino":490,"Grape White 3":492,"Apple Red 3":429,"Lemon":492,"Pineapple Mini":493,"Apple Golden 1":480,"Tomato Maroon":367,"Pear Abate":490,"Pitahaya Red":490,"Huckleberry":490,"Bean":1000,"Physalis with Husk":492,"Kiwi":466,"Bell Pepper":1176,"Apple Granny Smith":492,"Cherry 1":492,"Cherry Wax Red":492,"Pepper Yellow":666,"Grapefruit Pink":490,"Tamarillo":490,"Pear":492,"Cherry 2":738,"Cucumber Ripe 2":468,"Ginger Root":297,"Apple Braeburn":492,"Cherry Wax Yellow":492,"Dates":490,"Mulberry":492,"Cactus fruit":490,"Pepper Red":666,"Apple Crimson Snow":444,"Pear Stone":711,"Pear Monster":490,"Tangelo":490,"Cucumber":1000,"Grape White":490,"Peach Flat":492,"Onion Red":450,"Melon Piel de Sapo":738,"Cantaloupe 2":492,"Lemon Meyer":490,"Clementine":490,"Tomato Cherry Red":492,"New Mexico Green Chile":1327,"Apple Golden 2":492,"Plum 2":420,"Mango":490,"Grape White 2":490,"Limes":490,"Pear Forelle":702,"Mandarine":490,"Rambutan":492,"Tomato Yellow":459,"Cherry Rainier":738,"Papaya":492,"Pomelo Sweetie":450,"Maracuja":490,"Orange":479,"Redcurrant":492,"Eggplant":468,"Guava":490,"Peach 2":738,"Fig":702,"Lychee":490,"Apple Red Delicious":490,"Cherry Wax Black":492,"Onion White":438,"Apple Red Yellow 1":492,"Strawberry":492,"Walnut":735,"Peach":492,"Pear Kaiser":300,"Avocado":427,"Tomato not Ripened":474,"Plum 3":900,"Granadilla":490,"Cauliflower":702,"Banana":490}}}},"activityEntities":["dataSourceCreated",[{"id":"6BF77A57-26DA-4D82-B78F-8B95AF7F7BCF","title":"Data Source Created","createdDate":"2024-03-17T22:38:43Z","event":"dataSourceCreated","subtitle":"dataset"}],"dataSourceTrainingStarted",[{"id":"3018EF74-8153-4AA2-BCDC-72579DB37562","title":"Used By","createdDate":"2024-03-17T22:41:32Z","event":"dataSourceTrainingStarted","subtitle":"VegetalSearch vegetables"},{"id":"CC521CB8-951F-4AEA-BF32-4E3AACFEEB57","title":"Used By","createdDate":"2024-03-18T16:24:04Z","event":"dataSourceTrainingStarted","subtitle":"VegetalSearch vegetables"},{"id":"F22FBDB6-51A2-4284-A2DE-7C2E7C5045DE","title":"Used By","createdDate":"2024-03-18T22:26:37Z","event":"dataSourceTrainingStarted","subtitle":"VegetalSearch vegetables"},{"id":"F8228520-E6A6-4FC2-9660-DFAA54724C0E","title":"Used By","createdDate":"2024-03-19T10:25:17Z","event":"dataSourceTrainingStarted","subtitle":"VegetalSearch vegetables"}],"dataSourceMetrics",[{"id":"7DBB3101-E1AD-461F-A963-54A65072289E","title":"Data Summary","createdDate":"2024-03-17T22:41:32Z","event":"dataSourceMetrics","subtitle":"143 Classes, 85 940 Items"},{"id":"42159F1C-896A-4F1F-BB23-FFC26782765A","title":"Data Summary","createdDate":"2024-03-18T16:24:04Z","event":"dataSourceMetrics","subtitle":"143 Classes, 85 940 Items"},{"id":"63E44E25-B0D3-42CE-BA84-B1F5CF5FC239","title":"Data Summary","createdDate":"2024-03-18T22:26:37Z","event":"dataSourceMetrics","subtitle":"143 Classes, 85 940 Items"},{"id":"E7F18AB3-B348-4AC6-82C7-D0A5473E16E6","title":"Data Summary","createdDate":"2024-03-19T10:25:17Z","event":"dataSourceMetrics","subtitle":"143 Classes, 85 940 Items"}]],"pathType":0,"experimentIDs":["F88843CD-A88B-423F-B891-13B2529D766F","67CAE010-5B9F-4E4F-839F-50620CF75EA1"]}