{"dataURL":"file:\/\/\/Volumes\/WD\/document\/Projets\/VegetalSearch\/VegNet%20Vegetable%20Dataset%20with%20quality%20(Unripe,%20Ripe,%20Old,%20Dried%20and%20Damaged)\/New%20VegNet\/","id":"A3CB4ACA-7635-48E9-A4F7-7459BB7311D3","createdDate":"2024-03-17T21:44:42Z","title":"New VegNet","modifiedDate":"2024-03-19T21:07:34Z","preferredFilename":"New VegNet","version":"1.0","dataResult":{"createdDate":"2024-03-17T21:44:42Z","dataURL":"file:\/\/\/Volumes\/WD\/document\/Projets\/VegetalSearch\/VegNet%20Vegetable%20Dataset%20with%20quality%20(Unripe,%20Ripe,%20Old,%20Dried%20and%20Damaged)\/New%20VegNet\/","dataSourceID":"A3CB4ACA-7635-48E9-A4F7-7459BB7311D3","error":{"code":2,"reason":"file not present at \"New VegNet\"","domain":"MLRecipeCreateMLAdaptor.RecipeSession.DataAccessError","errorType":"error"}},"activityEntities":["dataSourceCreated",[{"id":"D731C6C0-4231-42B8-B0DF-A8EC7FC460C4","title":"Data Source Created","createdDate":"2024-03-17T21:44:42Z","event":"dataSourceCreated","subtitle":"New VegNet"}]],"pathType":0,"experimentIDs":["F88843CD-A88B-423F-B891-13B2529D766F"]}