{"dataURL":"file:\/\/\/Users\/julien\/Downloads\/Original%20Images\/","id":"50025179-9AE8-49C1-BD53-BEB4E171C49B","createdDate":"2024-03-19T21:51:14Z","title":"Original Images","modifiedDate":"2024-03-19T21:51:17Z","preferredFilename":"Original Images","version":"1.0","dataResult":{"itemsCount":495,"createdDate":"2024-03-19T21:51:14Z","dataURL":"file:\/\/\/Users\/julien\/Downloads\/Original%20Images\/","dataSourceID":"50025179-9AE8-49C1-BD53-BEB4E171C49B","classesCount":5,"analysis":{"summary":{"sampleCount":495,"classCount":5,"canUseValidation":1},"issues":[{"description":"5 classes found, including Potato Dry Rot Disease, Blackspot Bruising Disease, Healthy Potato","severity":"debug"},{"description":"495 images found, automatically creating validation set","severity":"good"},{"description":"Smallest class is \"Potato Brown Rot Disease\" with 15 images","severity":"debug"},{"description":"Largest class is \"Potato Dry Rot Disease\" with 185 images","severity":"debug"}],"classifierAnalysis":{"labelStats":{"Potato Dry Rot Disease":185,"Healthy Potato":105,"Blackspot Bruising Disease":110,"Potato Brown Rot Disease":15,"Potato Soft Rot Disease":80}}}},"activityEntities":["dataSourceCreated",[{"id":"34E51610-7014-4FD3-B9F1-74EE8B318F9B","title":"Data Source Created","createdDate":"2024-03-19T21:51:14Z","event":"dataSourceCreated","subtitle":"Original Images"}]],"pathType":0,"experimentIDs":["F88843CD-A88B-423F-B891-13B2529D766F"]}