{"dataURL":"file:\/\/\/Users\/julien\/Downloads\/laboro_tomato\/Tomato\/","id":"76F6AF6B-2E40-4D45-8D1E-985CB20217FE","createdDate":"2024-03-19T22:02:11Z","title":"Tomato","modifiedDate":"2024-03-19T22:02:11Z","preferredFilename":"Tomato","version":"1.0","dataResult":{"dataURL":"file:\/\/\/Users\/julien\/Downloads\/laboro_tomato\/Tomato\/","createdDate":"2024-03-19T22:02:11Z","dataSourceID":"76F6AF6B-2E40-4D45-8D1E-985CB20217FE"},"activityEntities":["dataSourceCreated",[{"id":"3F2E1702-6D6A-46D7-AC4D-8243E5B72228","title":"Data Source Created","createdDate":"2024-03-19T22:02:11Z","event":"dataSourceCreated","subtitle":"Tomato"}]],"pathType":0,"experimentIDs":["F88843CD-A88B-423F-B891-13B2529D766F"]}