{"id":"67CAE010-5B9F-4E4F-839F-50620CF75EA1","validationEntity":{"analysedDataType":"auto","dataResult":{"createdDate":"2024-03-17T22:40:28Z"}},"modelEntity":{"createdDate":"2024-03-17T22:40:28Z","id":"7F699428-87AF-492A-861F-5B4B972061AE","experimentID":"67CAE010-5B9F-4E4F-839F-50620CF75EA1","title":"","modifiedDate":"2024-03-17T22:40:28Z","preferredFilename":"","version":"1.0"},"version":"1.0","settingEntity":{"taskType":"imageClassifier","augmentations":[],"styleTransferAlgorithmType":"image","iterationCount":25,"transferLearningEmbeddingType":"dynamic","harVideoAugmentations":0,"handPoseClassifierAugmentations":[],"algorithmType":"maxEnt","handActionClassifierAugmentations":[],"seedType":"default","featureNames":[]},"state":"ready","trainingEntity":{"dataURL":"file:\/\/\/Users\/julien\/Downloads\/Fruit-Images-Dataset-master\/dataset\/","featureExtractionCheckpointMayBeAvailable":false,"dataResult":{"itemsCount":85940,"createdDate":"2024-03-17T22:40:28Z","dataURL":"file:\/\/\/Users\/julien\/Downloads\/Fruit-Images-Dataset-master\/dataset\/","dataSourceID":"EEFF4E2D-D715-45E1-87EC-1DC4124950BF","classesCount":143,"analysis":{"summary":{"sampleCount":85940,"classCount":143,"canUseValidation":1},"issues":[{"description":"143 classes found, including Tomato, New Mexico Green Chile, Chile Pepper","severity":"debug"},{"description":"85940 images found, automatically creating validation set","severity":"good"},{"description":"Smallest class is \"Ginger Root\" with 297 images","severity":"debug"},{"description":"Largest class is \"Tomato\" with 5086 images","severity":"debug"}],"classifierAnalysis":{"labelStats":{"Apple Golden 3":481,"Bottle_Gourd":1000,"Grapefruit White":492,"Beetroot":450,"Kohlrabi":471,"Grape White 4":471,"Pepper Orange":702,"Potato Red Washed":453,"Radish":1000,"Apple Red 1":492,"Potato":1000,"Mangostan":300,"Passion Fruit":490,"Kaki":490,"Grape Pink":492,"Pepper Green":444,"Raspberry":490,"Potato Sweet":450,"Onion Red Peeled":445,"Apple Pink Lady":456,"Tomato Heart":684,"Grape Blue":984,"Pineapple":490,"Apricot":492,"Nectarine":492,"Pumpkin":1000,"Cocos":490,"Chestnut":450,"Bitter_Gourd":1000,"Broccoli":1000,"Banana Red":490,"Avocado ripe":491,"Apple Red 2":492,"Blueberry":462,"Brinjal":1000,"Cucumber Ripe":392,"Cabbage":1000,"Carambula":490,"Watermelon":475,"Pomegranate":492,"Banana Lady Finger":450,"Pear 2":696,"Nectarine Flat":480,"Pear Red":666,"Physalis":492,"Strawberry Wedge":738,"Apple Red Yellow 2":672,"Potato Red":450,"Tomato":5086,"Kumquats":490,"Mango Red":426,"Chile Pepper":1286,"Hazelnut":464,"Potato White":450,"Cantaloupe 1":492,"Corn Husk":462,"Capsicum":1000,"Salak":490,"Corn":450,"Quince":490,"Pear Williams":490,"Plum":447,"Carrot":1000,"Nut Pecan":534,"Lemon":492,"Pepino":490,"Nut Forest":654,"Grape White 3":492,"Apple Red 3":429,"Pineapple Mini":493,"Pear Abate":490,"Apple Golden 1":480,"Tomato Maroon":367,"Pitahaya Red":490,"Huckleberry":490,"Bean":1000,"Physalis with Husk":492,"Kiwi":466,"Bell Pepper":1176,"Apple Granny Smith":492,"Cherry 1":492,"Pepper Yellow":666,"Cherry Wax Red":492,"Grapefruit Pink":490,"Tamarillo":490,"Pear":492,"Cherry 2":738,"Cucumber Ripe 2":468,"Ginger Root":297,"Apple Braeburn":492,"Cherry Wax Yellow":492,"Mulberry":492,"Cactus fruit":490,"Dates":490,"Pepper Red":666,"Pear Stone":711,"Apple Crimson Snow":444,"Pear Monster":490,"Tangelo":490,"Cucumber":1000,"Grape White":490,"Peach Flat":492,"Melon Piel de Sapo":738,"Onion Red":450,"Cantaloupe 2":492,"Lemon Meyer":490,"Clementine":490,"Tomato Cherry Red":492,"New Mexico Green Chile":1327,"Apple Golden 2":492,"Plum 2":420,"Mango":490,"Grape White 2":490,"Limes":490,"Pear Forelle":702,"Mandarine":490,"Rambutan":492,"Tomato Yellow":459,"Cherry Rainier":738,"Redcurrant":492,"Pomelo Sweetie":450,"Maracuja":490,"Orange":479,"Papaya":492,"Eggplant":468,"Guava":490,"Peach 2":738,"Fig":702,"Lychee":490,"Apple Red Delicious":490,"Cherry Wax Black":492,"Onion White":438,"Apple Red Yellow 1":492,"Strawberry":492,"Walnut":735,"Peach":492,"Pear Kaiser":300,"Avocado":427,"Tomato not Ripened":474,"Plum 3":900,"Granadilla":490,"Cauliflower":702,"Banana":490}}}},"analysedDataType":"datasource","dataSourceID":"EEFF4E2D-D715-45E1-87EC-1DC4124950BF","snapshottableCheckpoints":{},"checkpointMetrics":{},"progress":[]},"createdDate":"2024-03-17T22:40:28Z","evaluationContainerEntity":{"testingEvaluationEntity":{"id":"982c24f0-c308-433e-b5bc-ccd62d86684c","createdDate":"2024-03-17T22:40:28Z","dataResult":{"createdDate":"2024-03-17T22:40:28Z"},"analysedDataType":"none"},"createdDate":"2024-03-20T09:45:13Z","id":"11c3de3c-5b2e-4d63-b30e-443455fb88c9","trainingEvaluationEntity":{"id":"bfe3549e-f50a-4066-a4b9-25af8a9429d1","createdDate":"2024-03-17T22:40:28Z","dataURL":"file:\/\/\/Users\/julien\/Downloads\/Fruit-Images-Dataset-master\/dataset\/","dataSourceID":"EEFF4E2D-D715-45E1-87EC-1DC4124950BF","dataResult":{"itemsCount":85940,"createdDate":"2024-03-17T22:40:28Z","dataURL":"file:\/\/\/Users\/julien\/Downloads\/Fruit-Images-Dataset-master\/dataset\/","dataSourceID":"EEFF4E2D-D715-45E1-87EC-1DC4124950BF","classesCount":143,"analysis":{"summary":{"canUseValidation":1,"classCount":143,"sampleCount":85940},"issues":[{"description":"143 classes found, including Tomato, New Mexico Green Chile, Chile Pepper","severity":"debug"},{"description":"85940 images found, automatically creating validation set","severity":"good"},{"description":"Smallest class is \"Ginger Root\" with 297 images","severity":"debug"},{"description":"Largest class is \"Tomato\" with 5086 images","severity":"debug"}],"classifierAnalysis":{"labelStats":{"Apple Golden 3":481,"Cauliflower":702,"Grapefruit White":492,"Beetroot":450,"Kohlrabi":471,"Grape White 4":471,"Pepper Orange":702,"Mangostan":300,"Radish":1000,"Apple Red 1":492,"Potato Red Washed":453,"Pepper Green":444,"Passion Fruit":490,"Kaki":490,"Potato":1000,"Grape Pink":492,"Raspberry":490,"Potato Sweet":450,"Onion Red Peeled":445,"Apple Pink Lady":456,"Grape Blue":984,"Tomato Heart":684,"Pineapple":490,"Apricot":492,"Nectarine":492,"Pumpkin":1000,"Cocos":490,"Chestnut":450,"Bitter_Gourd":1000,"Broccoli":1000,"Banana Red":490,"Avocado ripe":491,"Apple Red 2":492,"Blueberry":462,"Brinjal":1000,"Cucumber Ripe":392,"Cabbage":1000,"Pomegranate":492,"Carambula":490,"Watermelon":475,"Banana Lady Finger":450,"Pear 2":696,"Nectarine Flat":480,"Pear Red":666,"Physalis":492,"Strawberry Wedge":738,"Apple Red Yellow 2":672,"Potato Red":450,"Kumquats":490,"Tomato":5086,"Cantaloupe 1":492,"Chile Pepper":1286,"Potato White":450,"Mango Red":426,"Hazelnut":464,"Capsicum":1000,"Corn Husk":462,"Salak":490,"Corn":450,"Quince":490,"Pear Williams":490,"Nut Forest":654,"Carrot":1000,"Nut Pecan":534,"Apple Red 3":429,"Pepino":490,"Grape White 3":492,"Plum":447,"Lemon":492,"Pineapple Mini":493,"Apple Golden 1":480,"Tomato Maroon":367,"Pear Abate":490,"Pitahaya Red":490,"Physalis with Husk":492,"Bean":1000,"Huckleberry":490,"Kiwi":466,"Bell Pepper":1176,"Apple Granny Smith":492,"Cherry 1":492,"Cherry Wax Red":492,"Pepper Yellow":666,"Grapefruit Pink":490,"Tamarillo":490,"Pear":492,"Cherry 2":738,"Cucumber Ripe 2":468,"Ginger Root":297,"Apple Braeburn":492,"Cherry Wax Yellow":492,"Dates":490,"Cactus fruit":490,"Mulberry":492,"Pepper Red":666,"Pear Stone":711,"Apple Crimson Snow":444,"Pear Monster":490,"Tangelo":490,"Cucumber":1000,"Grape White":490,"Peach Flat":492,"Onion Red":450,"Melon Piel de Sapo":738,"Cantaloupe 2":492,"Lemon Meyer":490,"Clementine":490,"Tomato Cherry Red":492,"New Mexico Green Chile":1327,"Apple Golden 2":492,"Plum 2":420,"Mango":490,"Grape White 2":490,"Limes":490,"Pear Forelle":702,"Mandarine":490,"Rambutan":492,"Tomato Yellow":459,"Cherry Rainier":738,"Redcurrant":492,"Pomelo Sweetie":450,"Maracuja":490,"Orange":479,"Papaya":492,"Eggplant":468,"Guava":490,"Peach 2":738,"Fig":702,"Lychee":490,"Apple Red Delicious":490,"Cherry Wax Black":492,"Onion White":438,"Apple Red Yellow 1":492,"Strawberry":492,"Walnut":735,"Peach":492,"Pear Kaiser":300,"Avocado":427,"Tomato not Ripened":474,"Plum 3":900,"Granadilla":490,"Bottle_Gourd":1000,"Banana":490}}}},"analysedDataType":"none"},"previewType":"imageClassifier","modifiedDate":"2024-03-20T09:45:13Z","validationEvaluationEntity":{"id":"71fd8efa-892b-42ff-9615-184c6f9304c1","createdDate":"2024-03-17T22:40:28Z","dataResult":{"createdDate":"2024-03-17T22:40:28Z"},"analysedDataType":"auto"},"evaluationEntities":[]},"evaluationEntities":[],"activityEntities":["trainingDataAdded",[{"id":"6F2B89F5-C7B8-44E5-A9B8-64CC4F7BF121","title":"Training Data Added","createdDate":"2024-03-18T22:26:07Z","event":"trainingDataAdded","subtitle":"dataset"}],"experimentCreated",[{"id":"45B835F2-71F4-4474-BC8E-0DB22B06E383","title":"Model Source Created","createdDate":"2024-03-17T22:40:28Z","event":"experimentCreated","subtitle":"fruit"}]],"title":"VegetalSearch 1","evaluationEntity":{"id":"c2371a05-2c96-4e63-93cc-7187a524916c","createdDate":"2024-03-17T22:40:28Z","dataResult":{"createdDate":"2024-03-17T22:40:28Z"},"analysedDataType":"none"},"evaluationState":"uninitialized","snapshotRole":{"withoutSnapshots":0},"modifiedDate":"2024-03-20T09:45:13Z","contentDataResult":{"createdDate":"2024-03-17T22:40:28Z"},"preferredFilename":"fruit"}