{"id":"C657EF59-17B0-4D1D-834A-F26DF0C4B9C3","validationEntity":{"analysedDataType":"auto","dataResult":{"createdDate":"2024-03-17T22:40:04Z"}},"modelEntity":{"createdDate":"2024-03-17T22:40:04Z","id":"776F646B-5329-4E00-8C22-3D7357178D79","experimentID":"C657EF59-17B0-4D1D-834A-F26DF0C4B9C3","title":"","modifiedDate":"2024-03-17T22:40:04Z","preferredFilename":"","version":"1.0"},"version":"1.0","settingEntity":{"taskType":"imageClassifier","augmentations":[],"styleTransferAlgorithmType":"image","iterationCount":25,"transferLearningEmbeddingType":"dynamic","harVideoAugmentations":0,"handPoseClassifierAugmentations":[],"algorithmType":"maxEnt","handActionClassifierAugmentations":[],"seedType":"default","featureNames":[]},"state":"uninitialized","trainingEntity":{"checkpointMetrics":{},"dataResult":{"createdDate":"2024-03-17T22:40:04Z"},"snapshottableCheckpoints":{},"analysedDataType":"choose","featureExtractionCheckpointMayBeAvailable":false,"progress":[]},"createdDate":"2024-03-17T22:40:04Z","evaluationContainerEntity":{"testingEvaluationEntity":{"id":"d27554fd-e7aa-422d-bab7-26a0ee6a0dba","createdDate":"2024-03-17T22:40:04Z","dataResult":{"createdDate":"2024-03-17T22:40:04Z"},"analysedDataType":"none"},"createdDate":"2024-03-20T09:40:34Z","id":"1096618e-ba53-42f6-9956-c51fb8151a2b","trainingEvaluationEntity":{"id":"6925f51a-7d92-491d-9bd8-698fc7df713a","createdDate":"2024-03-17T22:40:04Z","dataResult":{"createdDate":"2024-03-17T22:40:04Z"},"analysedDataType":"none"},"previewType":"imageClassifier","modifiedDate":"2024-03-20T09:40:34Z","validationEvaluationEntity":{"id":"9fed9c9f-a4d4-4cd8-bc6b-327c5ade56a0","createdDate":"2024-03-17T22:40:04Z","dataResult":{"createdDate":"2024-03-17T22:40:04Z"},"analysedDataType":"auto"},"evaluationEntities":[]},"evaluationEntities":[],"activityEntities":["experimentCreated",[{"id":"BEB9E265-B63B-41CE-96E3-76642143BEC8","title":"Model Source Created","createdDate":"2024-03-17T22:40:04Z","event":"experimentCreated","subtitle":"trees"}]],"title":"VegetalSearch 1","evaluationEntity":{"id":"719f7786-558e-4a2d-b009-e565b38fbd1d","createdDate":"2024-03-17T22:40:04Z","dataResult":{"createdDate":"2024-03-17T22:40:04Z"},"analysedDataType":"none"},"evaluationState":"uninitialized","snapshotRole":{"withoutSnapshots":0},"modifiedDate":"2024-03-20T09:40:34Z","contentDataResult":{"createdDate":"2024-03-17T22:40:04Z"},"preferredFilename":"trees"}